Z_Coordinate,Edge_Density,Pixel_Intensity_Var,Focus_State,Cluster
-3.5252836822373474,97.70479985600298,181.34409546536904,0,0
8.7932913085331,-10.10849389635226,23.25913173626219,0,0
-7.752329754474243,6.014906362028194,107.15401922686759,0,0
5.168177284557817,14.211454586846575,61.02029177449159,0,0
-9.989425002806218,0.13327584040826246,120.57488072116098,0,0
2.6759153956582953,214.76257107322786,101.19767791900834,1,2
9.18495307025837,-13.448024063992262,48.03697370404901,0,0
-3.5840222590637216,111.21736527102314,181.34770873704355,0,0
-1.9146585435681036,319.10824111421726,185.93613922399803,1,2
-7.996672259451567,9.96275358005902,132.93154032419412,0,0
-2.187897654214126,279.8174630295549,18.654960014446445,1,2
8.69850435547901,16.226884312380946,150.3760811877545,0,0
2.2978838565062922,258.8348702505958,92.98955548074606,1,2
7.591271612150706,1.8769078639805792,28.82084355538561,0,0
-0.058374909740567915,497.56832872700744,88.59394403117815,2,1
8.130313704858544,3.9878261642562833,43.17943483905127,0,0
2.820206733490931,185.7200807565349,102.53347179632478,1,2
-3.277860741281855,129.22707591365105,135.88042853794548,0,2
-0.17847977229217982,496.2660545858798,57.54782776722599,2,1
-5.44345962599083,-3.2530002060343985,89.95864117778459,0,0
-2.961280794574595,155.80812670400636,95.54141690172173,1,2
9.252350091694147,-2.4706160497020564,73.47073741803729,0,0
1.8465184874258522,321.9610302436851,101.44798345903384,1,2
2.4962058199401778,214.1990453968043,63.355891410368514,1,2
6.045286059669795,21.969162402378323,124.0064149094187,0,0
7.212658288064443,6.8929007178985175,49.1165936694464,0,0
9.387339095672015,-9.831469553519327,82.56044809355447,0,0
-0.1857915762994562,493.948934525015,93.50755050624576,2,1
7.952304693839022,4.455530577082465,86.46214789729675,0,0
-1.3408231906424373,383.62468786633053,80.72774502072832,2,1
9.135916740196247,12.210061591556798,142.36026312813536,0,0
7.8865872123625,8.840355085054277,40.627681700465004,0,0
9.122840586582008,-5.048922668058049,99.89662786874173,0,0
4.5492885130356555,28.28645286030669,5.212223707822002,0,0
3.043820990786127,151.48086941977598,150.30848289230568,1,2
-4.3870042262066615,54.81893076382272,99.23026260554866,0,0
-7.2869684851706396,2.7663574716220953,193.74470871381854,0,0
6.024976360842299,-10.185772244545735,127.68345879755118,0,0
-9.887342219961496,26.126689347569954,68.8137994058253,0,0
-5.730466124618035,23.35572882488712,115.61144965726133,0,0
4.095142508322882,71.54044879896936,17.14092176110855,0,0
7.122146449090078,1.143790835980281,128.3495730627755,0,0
4.865475889541004,38.18753647375898,89.0399386819863,0,0
-8.679699022516058,4.047436107596708,165.762833267845,0,0
-2.4678103055316107,215.08864584632747,144.00740976121864,1,2
-1.7104651359722673,337.3666366224137,51.41153609553437,1,1
7.834794563821692,-4.412823858249088,58.852636949456546,0,0
5.96944772547694,13.325628400922255,13.826646688691897,0,0
-3.33272228486881,117.2691268647149,157.81749308408766,0,0
-1.2597442840094715,417.8900360709865,99.98492434393562,2,1
3.8679956085879574,75.83399058989221,47.791215264007924,0,0
-9.360358821000576,-2.8308300746998585,182.33131545136737,0,0
-7.913266511978794,-11.164099738287488,138.352901612633,0,0
-7.268309699761735,8.064202977709126,95.72356463429149,0,0
3.892075443863124,60.5682346928346,114.45523397689328,0,0
-6.202585564089507,10.429470807394637,24.241429199585106,0,0
-4.026433397351843,65.65145276741056,27.17613552178492,0,0
3.2807252268738267,121.50310003960641,158.53422460806752,0,2
-3.3734866430497057,122.57974251272428,100.41852006725,0,2
-6.883922336051935,1.9460098737240983,65.46122912295591,0,0
-3.8516087794745646,83.2948312511522,183.11009910750667,0,0
-6.267719766674665,8.181180751439594,33.74068478791911,0,0
-7.3900044291398554,4.490926839266852,131.5654819949993,0,0
-7.9180270249869995,9.472219968988625,135.51805170442472,0,0
-0.7275692093515236,486.2377490971737,123.17457003242029,2,1
7.7191436946089205,-14.63463961573178,196.72668135161047,0,0
2.666525517411692,202.40477912162675,63.876975890049955,1,2
7.040864701125141,12.224007646612776,36.2822694302628,0,0
-9.58933159913262,-12.736882013555878,28.923930403931045,0,0
-9.47570794147865,1.2586106482460844,109.40402361446299,0,0
-2.8773214545731545,170.0157292842972,31.850403505999214,1,2
-8.642778471324597,6.5422677849171365,86.37122621570671,0,0
-3.1427379302288205,161.52164003581072,60.99801647450712,1,2
-1.4283483135812052,368.467089798085,171.1486389949536,2,1
-3.8014476415408094,73.27834099224515,62.10672119059358,0,0
-7.024988842508797,5.10526722675046,193.8215145141211,0,0
-7.680966786760419,-9.450421840878846,132.90318484427019,0,0
-5.10210676787807,-3.913550874609811,115.20534410722166,0,0
3.8904031182275123,94.20340434832855,136.1099138281955,0,0
-2.522681343527262,225.00187565477978,130.48686650119885,1,2
-3.721380776899501,99.55927058983073,158.5972916909692,0,0
-2.3374872571502685,262.25137860968573,116.5470441641645,1,2
-5.30176201639565,9.418826787181548,194.18994499269033,0,0
8.456199611660356,-1.9260551949230753,55.16094410478054,0,0
8.003428321510235,-10.215687298147046,134.5824756610716,0,0
8.71148749219936,2.185322516830089,180.48098608985015,0,0
9.25618740316223,2.1675343212655336,125.4221194404756,0,0
3.505877444957772,103.25299140925117,25.925001869832126,0,0
7.682447632981564,18.86725376316027,83.49218619254479,0,0
-5.048983236443871,27.119037203159717,167.74649010121678,0,0
-6.73912105793093,5.026381616258626,19.567804841459203,0,0
4.79603373686135,27.193797518200462,7.0958647996002195,0,0
-4.247130000581299,37.25555882029293,79.41249251956907,0,0
0.6439105834844323,483.6648589902044,30.93678861301203,2,1
4.717223313106713,28.10054459293662,26.015175115734152,0,0
8.083256270296765,-3.7293588865678844,137.45003846459582,0,0
5.071157249298475,30.858567083987246,109.00224678722013,0,0
3.896114298787179,72.85865688936119,75.00542027148784,0,0
5.516826421258315,-0.5229129970093744,22.611001570765552,0,0
0.7840878752115472,442.91253275438197,89.36462558173093,2,1
3.069616409458458,135.56433334774854,150.19744087476403,0,2
-3.1174620707686973,133.94230705697035,10.41113516276328,0,2
-6.51574879521589,0.8784085009167839,124.82044847068987,0,0
0.6269178883224171,478.6945892378478,105.09953875103665,2,1
1.4205155591628316,399.1456444234052,6.665851018069772,2,1
4.6355727231887265,53.72673209977923,182.7117766390169,0,0
-9.606734511010766,0.2114144366750512,38.54133719470837,0,0
-8.855230304343085,-12.258266930484808,130.54717820156554,0,0
0.21755236371240727,518.2192047467297,13.379384136230389,2,1
-1.3865495873818752,402.30477875578106,57.90937643090894,2,1
-0.09815810098847777,511.2262484750744,87.9734922931292,2,1
6.556612815235894,33.238359101028266,154.02455815074012,0,0
3.9929620585966497,64.18487723437237,154.9980099012532,0,0
7.088167849651608,3.8037643239124694,50.7012019487836,0,0
-1.0186636146579247,448.8058851743242,37.37582014196672,2,1
-6.800881995066912,4.849370399631047,72.38709042177497,0,0
7.32928444504277,1.7203423688869752,40.33605413405847,0,0
8.9811535302584,-12.679913679759773,59.771654057492164,0,0
-5.130167165274275,22.04103789155771,21.579021573574853,0,0
9.81385436067906,-0.7374774683542178,84.57905173318451,0,0
4.764181609566673,42.27053073565898,136.40889340371743,0,0
3.9250850739832277,56.443690396757134,91.4111191227709,0,0
-6.38641370574941,0.6334093889307284,6.849064365844417,0,0
7.683816264897644,-11.064346934148094,27.772515372132506,0,0
-6.556735448611429,-4.942521356939773,103.66214512455477,0,0
-2.37505324165072,231.61637312012525,10.184297517904168,1,2
2.172975348031178,264.2773057215984,189.04135651382407,1,2
5.067759337420409,21.11777262293139,131.97521449657538,0,0
-8.387242834463313,8.588757097144223,78.31456300232792,0,0
0.6119642592111596,465.47232828581184,161.0820493754728,2,1
3.898005227505415,66.4799857519174,21.956679062356194,0,0
8.951447112684907,20.098450862309054,29.188761242552104,0,0
-6.759130341602542,9.509580330062242,87.20492232222006,0,0
5.187729323841284,-10.354489273655858,110.58026552928246,0,0
-1.9551147520662795,306.88135914398987,148.7156889552218,1,2
-3.901259124932448,77.35039116999627,95.15304306138387,0,0
-9.236023742445074,-8.255193606703813,103.65605493666062,0,0
0.48815120324537453,494.14525428457176,72.55831934180617,2,1
-0.22069014047093205,504.1825106731938,126.1126525940658,2,1
-6.804229657280086,13.977419011642914,31.628361145459838,0,0
-8.019813674799535,2.477921053774962,6.894632421528556,0,0
8.496372730811878,4.484651139635544,81.5903950260803,0,0
2.185932639811231,281.59194821692023,112.0250322774216,1,2
7.385749405148797,-9.152558117336584,16.44372880948919,0,0
-2.9827067414978226,163.68161933687898,60.71888405062746,1,2
-2.4298628901176977,246.4728525852793,86.24390462700073,1,2
0.465301258809955,485.5002488079119,98.26933569137532,2,1
5.622058709129414,4.175644521696723,113.36640104940882,0,0
-4.816341073168891,46.63296099316466,178.28487342637376,0,0
-8.81376324234756,1.966255920063897,194.36734950852718,0,0
2.5306101281361713,217.711772822319,10.573481370178161,1,2
8.557917813443776,3.169607061594737,67.23314794638193,0,0
7.75864115025491,-5.008846422572317,6.863373542553584,0,0
3.228941855279155,133.10688263654535,83.10419568150958,0,2
-4.585708585611785,38.8477868796983,126.65490799409788,0,0
-4.41439639716603,37.68106756595937,172.10065047671586,0,0
-1.403935365658775,393.6414280441323,74.1512863394284,2,1
-3.8932627802171327,85.83690348070093,61.276556643045836,0,0
-2.1628880923374822,271.66763170524007,96.3660536434853,1,2
8.560530217940517,-13.46214741970611,49.52560912831503,0,0
-0.06895142298584034,497.55070353960383,36.09756940611471,2,1
3.038511738540187,135.35761976009258,180.46375954775615,0,2
6.462731007754904,-16.319296943284193,44.017481493576256,0,0
-7.785307487829185,-21.26417582292463,87.02888496417994,0,0
3.9550435631098697,69.55533740501623,30.345166660486278,0,0
1.857155508913662,331.72366779785045,179.86080592183404,1,2
0.6636968399985115,471.16995445940665,112.18243198740848,2,1
-3.500268455259448,104.5966156847788,175.31763413215748,0,0
-2.583991675161177,210.2332372173333,102.18038483488408,1,2
-7.791997516749971,0.6717442080614432,183.36755415668182,0,0
-2.9149227644844666,180.81062939659967,9.804832288831193,1,2
1.8631677165699738,333.0084061554442,23.183522153251147,1,1
-8.722581000756835,4.100974272555266,141.75122399050804,0,0
-5.977938053778433,16.351051002926667,136.69284036862237,0,0
8.205185467183469,-7.441631544648395,111.12092952147933,0,0
-0.8020152033403232,467.27929234022247,139.25370491163048,2,1
-1.701376814981721,339.05530162360026,13.411694891535767,1,1
-6.148698452143371,11.233141657299472,141.08423370339654,0,0
-7.413123726410957,11.256442585175126,31.376258750795508,0,0
4.225986484719321,58.5204832542431,189.2448829636676,0,0
-1.53835502159672,376.86333939893285,170.79693583479275,2,1
7.021808238785628,9.504352340790895,30.29345264168136,0,0
-0.23348411616513687,498.5529438493748,177.929071455386,2,1
8.161742362308708,7.745715330715266,146.79575635429762,0,0
0.4713242692772628,468.9644846526357,99.33153689697517,2,1
7.375411746723351,1.4574906652836441,61.29912774545514,0,0
-4.704694691278897,28.372057833668595,172.34696904837915,0,0
1.7299321334220625,337.28628051452716,154.4977113015915,1,1
6.175594961419307,1.3499799107544108,177.41111665398788,0,0
-3.0128688852022023,167.9750181703355,64.5469649956589,1,2
4.774888623559988,49.47367430543213,119.17640492990051,0,0
-8.088378742844169,7.917052885069646,107.59623563340817,0,0
7.498726878042962,5.6830374754289945,127.77835255840739,0,0
-7.4681995633302485,-12.358650222184563,111.39603171068869,0,0
0.11904217306961051,490.7017116639863,119.77821708884507,2,1
-2.151725027416667,279.4626506019657,60.983821937360474,1,2
1.4503457975825267,369.4348855167498,24.333480964196678,2,1
3.907659110571263,64.14213081658895,49.480799704299145,0,0
1.9293826722051648,336.4064737635674,187.29252029158116,1,1
1.9856101012251148,303.4286214304733,102.11688875812246,1,2
4.9742012079502835,8.920926144677173,167.21987360673967,0,0
-5.487663321342948,11.647130326154532,32.59908162730096,0,0
4.189989649831494,54.645192137060825,199.94822464647206,0,0
-7.817901010029407,-4.535798142108813,87.41592162237473,0,0
-2.214273472482329,274.3955655684557,153.27656886921696,1,2
6.901617904718105,-8.219928108573496,24.631818329123227,0,0
3.8100026311331376,80.83894410946957,59.1743673571472,0,0
3.9491631842412005,65.74005951658364,7.9106363768388945,0,0
-7.479397446703821,-6.792937682504195,27.69367722112176,0,0
1.261077244710938,415.7727940349685,44.38654980240116,2,1
6.024311998503954,25.923068965203978,151.35859796464845,0,0
-7.186876398232933,-4.1831727331041,53.22279285293348,0,0
-2.3497994663862816,236.5345665171253,18.58451997981569,1,2
-6.137968960520304,0.3577821082304897,109.3464765921895,0,0
5.342546747916085,32.71524071859186,14.880990773070149,0,0
0.5926604485922642,469.6185245259779,86.98963331481671,2,1
-0.5896226886708575,482.46066944053763,119.50295672333253,2,1
-2.6850825852825295,176.74701894896464,109.64164443202364,1,2
-0.8434864635319723,466.6357251322356,59.70681023049463,2,1
6.716075202641484,-4.398096020554155,183.1383188065392,0,0
2.4540230657123168,237.92925961544523,195.4413065076192,1,2
-0.5730948385574752,476.51545281869846,52.65720088049525,2,1
2.404757275949187,248.04773030533497,62.943032057410186,1,2
-8.958552210084097,-12.294784207094184,112.45126411484607,0,0
4.290895822343927,64.91024369949399,23.265760363611474,0,0
-3.89636166880212,75.63990966646453,177.75056643091511,0,0
8.466525108392482,10.69352094319176,28.39223618618899,0,0
7.5181695766785985,-13.446502744525905,27.89908333415058,0,0
1.9862201224844878,294.64892156661807,51.99938518255406,1,2
4.669157981743261,36.52731092128136,158.6838659110309,0,0
4.608502703955146,17.304642881161087,44.557735971883226,0,0
9.77271384796921,11.635982282941406,120.64503671989272,0,0
-4.06133838797305,70.57626768723657,123.97221304247742,0,0
1.4157534731315806,402.92736170163806,73.39159130820926,2,1
5.029019246024141,32.97064805857758,127.65502156439851,0,0
4.730333221001713,39.95941772775836,184.8062256310789,0,0
7.811316744434112,-7.2709711582909735,174.82349400859098,0,0
9.089040902690002,13.899860547550068,124.30474356778528,0,0
-1.701547253449455,341.7734784923042,102.7250168640645,1,1
9.478003894972314,8.897289919465488,162.0370988752806,0,0
0.9222678952369723,444.493691237392,35.63625235226517,2,1
-5.382444232266542,19.368152620710347,197.42897894672717,0,0
-3.749802486000071,91.92590150468428,170.32172798265788,0,0
-1.9586885592336039,316.9226369378402,69.5014194351803,1,2
1.715438491154197,367.97908741737416,57.82789729951513,2,1
6.99270166586842,-6.899804473576038,42.385100294393425,0,0
1.1562719608409662,442.34033752826053,179.5964242976412,2,1
-6.306258996371459,-5.256182746618699,161.06457485780564,0,0
-1.144380927330296,427.21485714110645,181.67208519021364,2,1
9.250482748927375,-3.579541636449587,149.39696159809435,0,0
-9.410653054305023,-10.793886686169278,48.48901885133005,0,0
-2.7751671652843584,194.61402775404423,57.08944601554351,1,2
4.7804389368312705,24.390786031576692,109.67234821617524,0,0
5.88451578213882,13.339562498704815,135.71918259863213,0,0
5.905046493621919,14.944807353221726,89.13755642284046,0,0
-4.749258764523208,8.823709030100492,27.48895602207934,0,0
-3.7955216358410286,75.92097975661615,143.07956214212467,0,0
6.122380753515301,25.20540888313917,146.84935488409695,0,0
1.7919127502267713,339.69620140573994,189.72993221619734,1,1
0.0540600866840375,491.94756685544854,145.0199745416448,2,1
-7.02463571639951,12.184712919335574,35.64193541977663,0,0
8.438746324285415,13.837279178760701,155.65722575502184,0,0
4.280421677187341,55.25575761148327,110.31515402104894,0,0
-6.94242286978922,0.28035507509569646,57.42791850880988,0,0
0.7784247536036943,464.01942437132396,48.90195641461035,2,1
-9.566868635138093,18.875292606367175,134.97756850508236,0,0
9.036192851625735,15.092327272998144,38.60329254460991,0,0
9.298728237625237,-8.34640391003604,191.9272516260328,0,0
-9.898493366071888,14.033176092768672,146.33291980038572,0,0
-0.5269103537754702,462.40914765909974,148.83250502254432,2,1
-8.843188060872258,-7.307871520877566,67.96706653760558,0,0
1.1495928047235555,446.0083869565418,125.51707408230085,2,1
-5.134608081120977,16.67309386982622,130.76842898640052,0,0
2.46079410335412,240.5852920350777,145.5359964500066,1,2
-7.70050899080627,11.524423162119716,182.34117860491912,0,0
-8.355194433820783,-1.1499895073759192,188.13270821780816,0,0
7.642832643073486,15.829281961088276,136.77010168564163,0,0
7.061367776131618,-18.63940380000978,100.11176044994545,0,0
-4.645570084307266,35.77371277481165,98.59878261242709,0,0
9.689515698962246,-3.627887045356449,98.13315580253152,0,0
4.763767078257398,34.72088907634236,171.31558104217416,0,0
3.6488138571995616,100.37811920951187,114.87439700814625,0,0
0.8410893363368999,447.7921836628648,18.896528799106683,2,1
-9.432372169858414,28.272367975015214,94.37981817704924,0,0
-3.3212942753817014,122.63652001813588,86.2245046870208,0,2
4.751439674512692,32.75572623634625,55.11313192421496,0,0
3.936389496423052,73.05646848806848,189.03002955662848,0,0
-0.3690497602980152,482.673954473325,101.26833585850657,2,1
3.1841926084409664,146.38469548319702,34.08390831918588,0,2
7.696711156940022,-7.182578682645245,98.66951824154714,0,0
-7.06555331579499,-4.884241066952352,24.97411803416431,0,0
-4.2465214306287695,68.5197545676151,151.43020294303506,0,0
8.053997009512766,-14.553273040391728,185.29956210486358,0,0
-2.771732791179817,190.79161762012845,111.18511582356395,1,2
9.11802606713383,-9.667444015279722,107.31575305365942,0,0
-8.833924781222933,8.509319536822359,99.45423649576473,0,0
3.3282479661002906,128.74484806937346,124.9322790027949,0,2
0.22022683285067401,503.31791988788666,132.2345297469863,2,1
4.092853553191542,68.00505325990527,175.83044410199707,0,0
-7.762412857954799,-9.710417733055644,42.88392658320208,0,0
-9.147018983939695,7.711456545700816,110.83026063354946,0,0
-4.335789665195648,35.87976097517098,105.73678594375764,0,0
4.968315071481111,23.106308285339264,181.43635702583384,0,0
1.6076218788938785,344.96643001431704,107.11228532880462,1,1
6.913180095050041,-10.16603547565005,101.54221158076736,0,0
-0.583604142260775,499.2746320816494,92.10414823443001,2,1
-0.023340637338694847,509.65119077178656,53.529044132671956,2,1
2.365581318807429,244.4880889727053,195.08433489421188,1,2
6.51028869096703,-4.475952928391264,81.07168529294938,0,0
7.344355670930298,-1.0248908604142755,85.51344637547547,0,0
6.268784298016087,5.9212252748311975,82.51838013901835,0,0
4.394407882276594,37.42905945967068,141.49265479436525,0,0
1.7385664847507414,348.1173960351719,18.863305046151304,1,1
-8.105013143625122,-4.680917764456601,86.49208958111322,0,0
-9.38976627820746,-22.975117547295238,119.90611250228255,0,0
0.38624512450422444,488.541889874684,121.71893859967432,2,1
-8.08691590334689,-0.5809550274514048,136.51621388024395,0,0
2.3177298815610055,252.45544929277662,118.80361639468845,1,2
3.0426335320357207,165.4199266296505,161.40076063962127,1,2
2.588012153292091,225.24147824636057,198.47780833868427,1,2
5.220068367924824,21.813339817953064,39.33204843919343,0,0
4.402707605886427,51.32989016970136,197.38631764208284,0,0
7.56409218869177,-7.267357206735439,89.55105217262528,0,0
1.7713285516875992,328.47454170683653,189.44432956402724,1,2
4.249204224326174,58.08309494434631,136.00453958208684,0,0
-6.0980286021861545,0.7795545599018103,53.86904869710434,0,0
-8.406367077267955,2.1184324583711422,71.30818517676754,0,0
8.327183866814966,-1.0691237089123418,50.6385819647915,0,0
-6.14597666970834,-0.7605217678092515,61.07993208848949,0,0
-3.660413636741584,85.1922657470599,10.528792753963979,0,0
0.040797749266880956,507.61254865473916,104.23692794520154,2,1
5.7757999586426205,2.2673627391527766,79.07121747166941,0,0
3.5189939274828337,118.07163479230933,65.55236692923116,0,0
6.807320071251944,-3.501395037770613,68.78399118947198,0,0
-9.539757850559145,-2.2333215237676067,146.99329808500755,0,0
-3.336900203426641,128.34903361231244,46.20345473065954,0,2
-4.462420761430634,44.37418119413842,60.02371603283596,0,0
-3.3094486177982896,135.1196609149495,189.90523395069016,0,2
-6.826532478813599,-23.65698925625135,71.50684229694956,0,0
2.193784155246348,260.7083922328777,191.50116143841254,1,2
5.923752537236284,-1.3795987948083752,14.65379351188076,0,0
1.3308746249566017,391.25673955576315,184.52018191990288,2,1
-8.71764257933859,12.300369694176206,128.4991117750017,0,0
3.796765038075087,103.6378693513791,35.12998027692889,0,0
-0.1534031660049031,495.2407857014839,102.55120079951715,2,1
-5.368284162853742,27.926433946972708,17.583720457947543,0,0
9.35088524068346,7.456461965172088,155.4969531613255,0,0
-5.942306033537966,4.0131788925160325,72.63920227650816,0,0
-7.916769239274566,2.91118511430539,21.751643856752903,0,0
9.19089806121612,3.1696605924955477,92.18124064910594,0,0
-1.1822078610892213,431.6935167881037,149.581429721949,2,1
0.6077627875911862,469.4563664130228,19.11606526039327,2,1
2.879637967154771,174.93767620716335,133.36690601860798,1,2
-0.06889124797729806,494.2897972798894,121.81067589436806,2,1
2.3692508946015636,234.19913517801947,73.0102285728317,1,2
6.951079857287368,12.463822929280987,22.313682198261596,0,0
0.8407244893552992,447.9312893215244,185.8839573333876,2,1
-8.620583247661672,-8.603187871349544,97.28878230422201,0,0
0.8725006902868238,464.1321760057166,106.53892822117264,2,1
-8.055328956953812,-0.8041066724710754,64.50115124841665,0,0
0.4944381813089649,482.3550488942087,189.9742944633157,2,1
7.526621133326358,-9.858323405308733,133.93110906935823,0,0
4.611709590646388,33.29404633772284,8.863564755685267,0,0
-1.5073995165608416,353.90213264215015,46.422533866378124,2,1
9.693996272277744,2.644439111195532,81.61038544476807,0,0
0.8550703131341759,448.4474070670499,86.14502042663067,2,1
2.977223287343554,163.58138537111165,160.32725085359206,1,2
0.12335888154493979,497.10488421812744,99.29477742937725,2,1
-6.446852322849694,16.394636736981262,193.29632657901493,0,0
6.4237571560862925,3.9742202316261954,116.44553008113766,0,0
-3.9438934563361228,84.91163245950844,12.870307555807651,0,0
-3.389157647024157,107.89366058106629,139.89757439821102,0,0
-9.744696589777533,6.841338706894648,69.20734332018154,0,0
-6.660096707456809,-5.462448661572383,41.685084227326065,0,0
7.733604567660333,-0.1900264676276101,75.48540789893985,0,0
3.5348018197481075,104.71039468262848,98.6508023296614,0,0
6.767368576780445,22.374668063800076,105.08921889006737,0,0
-8.647927230181658,13.624257106067773,132.29797513673395,0,0
2.71263679766696,198.86878660630475,140.39284935300046,1,2
-1.4604501003991022,392.9020498858317,170.3696428672319,2,1
7.8083882070191315,-0.09717455615266676,146.044306214308,0,0
-6.5190149033509375,2.4264365296087975,129.27405873909083,0,0
4.813811629729756,26.651743576027528,126.10215270481355,0,0
-5.070092439916447,22.46845758693422,134.687152206021,0,0
-6.857644061388443,2.1305855161823604,175.66269994031143,0,0
-1.1688834766737184,404.10953463554824,181.4221557304914,2,1
-7.398503642977275,2.9065084138431274,48.23536866229137,0,0
6.162197698395264,0.7215834140069424,45.81306364968605,0,0
-0.7334789914272495,490.6312552942055,40.440566781864945,2,1
-9.77571282691982,7.769609987524111,31.52452552995313,0,0
4.261196024323189,45.13532091530768,173.68162346755622,0,0
-7.930106503972687,-1.1065496203243677,154.46547080417287,0,0
-7.297719429191858,-19.19528792333754,121.66519586007122,0,0
7.219607753359593,-14.213902914949568,167.4555619484737,0,0
-5.912100138140528,21.260488610091983,81.45607763417661,0,0
-8.72053409463037,-14.274739289469263,39.18955404213109,0,0
-8.435334262271654,-7.116131578413157,131.67097015720955,0,0
-1.2069508546888503,418.23273284663435,72.66101571029519,2,1
1.7456545597758684,352.66810860366496,70.83655251071201,2,1
9.93373469975311,-5.828721103365123,27.048877374253664,0,0
1.8062822755864527,329.4172826560973,150.8502300525906,1,2
-9.801225245332354,-0.2880863104448548,96.50460608532033,0,0
-1.8767751631203407,318.5127725348764,8.53143011264277,1,2
-8.740102584362553,1.2524510819797414,185.2424985466788,0,0
4.754578053706082,43.880624853317094,108.60827489281176,0,0
-0.5748887096324378,465.18502465474836,37.79456609280477,2,1
1.6168874675196747,379.2053387979664,162.49512064142382,2,1
4.652387070821044,44.82272849785854,89.43483966634328,0,0
5.27658527559897,20.329886105956604,63.229572459460975,0,0
-5.247138720727045,12.817621806771424,91.89229965025865,0,0
-8.95752077988796,6.368369034496116,118.20471716062328,0,0
-1.104490885102818,417.652018721037,185.15975055851274,2,1
7.051976447428572,11.258674492518535,107.97724171273366,0,0
-5.905360103744613,12.990995289321923,31.101223969961147,0,0
2.504791586628393,224.28902701364856,176.34730023929475,1,2
4.390029567405984,47.79865085813452,76.34094318337536,0,0
-4.634697831797476,32.469346635208765,143.59689958757357,0,0
-1.9379978483987408,296.52284282670706,117.71924237837656,1,2
8.067461704711956,5.622354355178535,155.49089387391223,0,0
1.7838582645955032,357.1361204942427,112.55610199230834,2,1
0.2550408554607646,492.30251436928745,140.9133241611529,2,1
1.6609150037284017,366.3459572796188,5.257650590916657,2,1
-9.91392535191817,15.095313192417215,38.211443507084965,0,0
2.925975473504387,167.92245916993042,177.8112115426182,1,2
9.31938420480311,-7.757635668819982,162.87947105146404,0,0
-5.211039102426769,24.37608711970943,19.134720788062516,0,0
-3.634624090643504,96.26389476288897,104.147619526205,0,0
-7.607791878958892,7.885872011966067,13.431566714318738,0,0
1.1148465262216174,417.7647181822823,60.586540629854,2,1
5.630283504585044,8.55307703139027,194.38652999229237,0,0
-5.296873157045239,11.034154464856954,173.54254556506936,0,0
7.669442923573875,-12.683894299594943,73.02642419258711,0,0
8.16313145200246,3.434416049802394,147.65292545173295,0,0
-4.17923671347447,50.91752629584387,57.567002848192644,0,0
8.130743638207694,2.685769775527983,123.43917870430418,0,0
-7.7213486701261225,25.884731289776184,152.4968381670157,0,0
0.7962564280587863,465.2611465863394,40.92719659655989,2,1
-1.1643982132714008,400.8928408121111,161.46747572232778,2,1
-2.622049880742628,217.40252066888578,179.5123610088011,1,2
-5.142127004424055,8.484809031005245,99.08449331141112,0,0
-8.205610065382967,-8.225416478370686,11.312813038416444,0,0
-0.17388949596404046,474.9121159615305,45.6133473499037,2,1
-7.681958458843847,1.3256788524973453,123.18091920625834,0,0
0.22629934141054342,496.90487014793564,92.65122427405632,2,1
5.618656099273769,19.390084171367718,71.88247179882566,0,0
-9.021396936025582,2.6963990530522284,135.97809538161934,0,0
8.086454720115093,-7.7198026175825,199.75620250458027,0,0
0.9783925565289913,455.12105263979413,18.984543674370997,2,1
5.19336319802772,24.92918424835833,197.86672683541934,0,0
4.918825894096699,21.443112031719355,135.3514685628511,0,0
-6.342489760932701,-4.914888968387127,179.211337642237,0,0
0.5278500387470171,486.64264790651913,46.11691300480826,2,1
-9.48077515475578,1.3509487041446384,13.274339820590662,0,0
9.842383556937953,-8.326580145864398,8.55394821849598,0,0
7.680919957759187,-2.0409645803011855,97.26620507451685,0,0
-5.557673157596024,0.880796213321112,174.11814284747342,0,0
3.7635235375582283,75.70215808011827,173.2256944384609,0,0
8.814643979661799,8.085245214071687,170.83669484665,0,0
-8.522293677725145,5.640756688830512,37.223692784432004,0,0
5.540466988370987,23.223765728141238,93.39035822639634,0,0
-7.819516654421843,-2.3442096908455006,91.06521024636827,0,0
-3.4728194820031755,104.50981552991368,34.40465882228153,0,0
8.710579925507115,9.804710613354926,175.72167602875982,0,0
-5.699985997726542,-6.443468952933159,165.20332023871737,0,0
8.807761604097987,-14.546129018008688,194.24509266840013,0,0
2.5420318738618555,239.7924154515627,176.89594924892683,1,2
-9.72221125933211,7.736213089952392,23.120900767173726,0,0
-9.357328144166047,-1.1523890226876052,16.85317804184892,0,0
7.565965801317194,4.688296163953813,41.09867364029883,0,0
-4.342937397931081,38.59341382190852,169.58353442553482,0,0
2.5780562069787294,216.5978927962885,102.32901028848414,1,2
5.44925803071914,17.737980318559266,71.51908467161049,0,0
-1.9387775186498217,298.78518756391514,146.0801392533591,1,2
6.893857533025116,14.762810538194577,148.38310989915533,0,0
6.3603265511256915,0.34030728841652724,181.9135160234205,0,0
8.059750346596509,-1.4729404752790585,46.727407362061136,0,0
-5.312557125769224,15.719654823091947,96.04777434293526,0,0
-1.9171446044737,318.61438399304893,185.95261700191853,1,2
-5.355276625728502,22.742959186710983,126.16227775114976,0,0
-1.3103737786832639,393.38307060272507,155.0325546101057,2,1
-8.284200522248597,-24.55256448501625,175.42336495559377,0,0
-5.6760485514230385,24.893542005977054,129.85663572722177,0,0
-5.895650270691874,0.40487092368308186,33.70786562447275,0,0
-5.717792834633649,37.653923088428435,78.02341354049727,0,0
8.700813145130365,-11.911257266083146,58.030421151498665,0,0
-1.9542364150837503,312.653407856447,182.29970916900098,1,2
-3.907148908862168,75.18151173293616,66.00413258897242,0,0
8.226304975443067,4.000966071883372,23.514529512506396,0,0
4.876595367835373,26.214627776444946,109.5542808931004,0,0
5.278118981787824,19.738169928972276,38.861865837757556,0,0
-4.926249712388975,22.516451109090752,154.10924909497223,0,0
-6.549325236253529,3.5532197736172306,106.47371715126796,0,0
-0.02489688144247104,498.6573425634438,80.0750629034721,2,1
2.0500233019996976,300.4595657692264,63.06150221818018,1,2
8.45584065962585,-4.054962092775946,156.0762338547946,0,0
2.387164228693843,238.43965244410018,104.15424384669096,1,2
2.4855608210955715,227.69182614593254,26.33201417950765,1,2
-0.2007557522509913,472.4171818907968,82.10996961007426,2,1
1.4536049217710953,388.9078032151055,124.62689131183393,2,1
4.665118405689331,15.886605198162666,10.618686145758183,0,0
-5.778348904857584,-2.9262013832858305,184.25133396485913,0,0
9.141706083273455,0.1228858529690621,163.2115193066894,0,0
-0.5422518587210607,470.40680935209343,160.35089126528192,2,1
2.924803656181382,185.06325878230595,143.22704743945368,1,2
2.861665288670409,172.52609906179475,19.503552819500797,1,2
-8.764341528150617,-4.009686604110896,199.84663025918766,0,0
-0.8343064141534295,436.8391206847661,90.03237463478233,2,1
-9.859337136603832,-16.022124013724227,80.47232229034277,0,0
1.5721383047251472,357.78260725348713,39.904429516830795,2,1
1.454256580226307,383.57466344037897,79.50709036976353,2,1
-0.4088034083547658,477.6183724756451,9.475556107428359,2,1
-6.814865010137043,12.866677425619596,125.80476690677824,0,0
-6.9261411130397015,-9.52887249981563,174.7798943774446,0,0
-2.9129534947093454,164.41675033835855,18.270499414202362,1,2
-9.772677344131168,-5.9186863823684,12.900083654129613,0,0
-4.213902723201761,68.6767681340751,94.31567866598358,0,0
8.070047754838033,-15.101633804069468,197.59680301627003,0,0
-3.927680623069394,61.26889632689877,106.88273717652798,0,0
-1.9274635577004844,319.7799610125012,141.3222639726733,1,2
-0.3547721691715964,489.603000008882,39.51816002510199,2,1
-4.997821880781066,20.548693640929265,138.4900280034227,0,0
6.754110496737546,-3.2230566760385777,198.7740305293968,0,0
0.3214417648954555,503.0812317525726,168.7020566358884,2,1
-2.600100409495858,200.4117090864202,196.372439678266,1,2
-7.497955113662336,7.647063173762058,139.35570726762552,0,0
6.944483109676291,15.847710665145533,140.30168774871885,0,0
4.73837570048461,14.715660163693453,174.93622722280526,0,0
-5.711361580632244,9.825906036065168,179.85227727385606,0,0
1.1312398572275342,436.9513907090896,104.87016988120389,2,1
2.493232063085447,236.11012732007612,87.21942010650221,1,2
8.973271577272762,-13.5383879770263,100.7373142806232,0,0
8.859654012758309,-5.057150174441118,86.67953569058898,0,0
-9.707101141344053,-4.780240940813911,145.74792486347417,0,0
-7.820554474417656,15.38565194921283,149.16358791828623,0,0
6.399473600836462,10.429216518333945,78.09667845160575,0,0
9.363402444870083,-4.594392018996579,147.12498943010033,0,0
-3.4355934256988085,130.46916875852457,50.724402697213456,0,2
-4.252552050461588,48.51511199903876,16.345790609265222,0,0
0.5142606482403771,484.64535212772483,177.67171175794596,2,1
3.460678299340687,115.8466291186365,20.551531105792076,0,0
-5.6049665300734635,-0.6571180270281829,187.63391997453817,0,0
1.067574454269419,425.44359993403356,43.9391302705307,2,1
7.743553884777988,7.464282932825989,188.47308377402365,0,0
-0.16675108762526492,503.3812660086788,137.1343772635007,2,1
8.013558464031895,5.971919457748859,6.651164269968952,0,0
3.8387676417412635,94.48293778814619,84.24621994580163,0,0
5.57239209046722,8.14764235349936,139.72407693895502,0,0
-6.0761893468900325,12.0310521828103,184.83176036206072,0,0
-6.300490983752624,19.31440044309813,104.9267308099316,0,0
9.070696261597234,-8.766075124359253,172.0726327599659,0,0
-5.503633151540736,13.10652894905733,68.26718332227315,0,0
0.8760034021774477,431.9448186037194,194.1973710359591,2,1
0.22636704181630307,489.62487825356527,87.22701034017044,2,1
2.9688702105706515,159.2574692129282,77.0911325364999,1,2
5.998179368481134,-11.748604104441803,180.5733918983841,0,0
-6.397083750925754,3.8871546745462444,33.10923363804842,0,0
-9.460234263626297,-1.7175991799016763,97.5492970129982,0,0
2.729499507905757,192.62390020249055,131.94531807442405,1,2
-8.515301915162745,-15.780408340208064,145.9085914550491,0,0
-9.272946199774202,-12.170893302587395,193.87978445861057,0,0
6.8946422007635455,4.563807309759322,180.48942962343375,0,0
1.4830019391992728,394.7098666931611,48.08440418716282,2,1
3.653374750167327,107.16053327544324,156.08808802084855,0,0
-2.0143989522896133,303.9613895926279,102.83620239833523,1,2
-4.881213166877134,25.42614843455748,173.51914853848655,0,0
-6.536772023120527,0.94820325220601,159.0672958618514,0,0
-0.27164994678644305,495.50921197371076,173.9664239096186,2,1
9.971617726270154,12.416634605384798,143.5979675221375,0,0
1.4156136683468894,376.4153675395376,155.1326256198171,2,1
9.310441804323759,-3.393016276502309,66.04318074760836,0,0
5.34313364458802,8.752666106157069,107.74057456174154,0,0
-1.5270854983065725,376.63243601187855,74.44176400326386,2,1
3.689346418664659,93.07452813277068,150.31582894054665,0,0
-4.984090267360248,29.240232146814048,51.161344190181765,0,0
-6.436905183621131,27.843227041730298,172.73975881605733,0,0
9.17247147222109,2.680617677410973,24.014472822905436,0,0
-8.455822457689226,7.297929248592491,117.23759788238236,0,0
-5.9123694575901276,14.458649708476383,97.14155896755467,0,0
4.931768216843164,15.173163796795098,114.94336143418866,0,0
-8.117383066338865,-2.350218717963131,138.5631063224218,0,0
8.497037436008934,7.14716466609953,191.8643743345329,0,0
-7.83147335638902,2.7971322897172826,113.4132865349065,0,0
8.203017209717075,1.4930603865636711,78.59607401135867,0,0
4.449643282691447,35.352408184497676,194.27428725623832,0,0
-0.21541098203912412,510.5352570942856,149.5274067162184,2,1
-2.2996218242022497,265.3093668346522,44.36569118544028,1,2
-9.584912704471535,7.051807368235543,41.561373469825746,0,0
3.5205252305505113,77.34871422134172,70.91644316361926,0,0
4.1838453150610295,64.9028552341579,63.8079184397447,0,0
-4.926285141312976,18.094600745708277,40.22742039934432,0,0
2.909157229441629,152.63048952570693,105.91505625337096,1,2
5.62430637562559,19.493997993171362,69.47683059026829,0,0
2.224177120778112,274.64700948445545,95.07836656281408,1,2
7.637675592851334,-6.803228660932382,119.2830431163784,0,0
-1.7499976886668556,356.50665269591275,171.01246944772666,2,1
7.048629787031583,15.943512398585096,9.754798705721694,0,0
9.546541743356109,-2.2784715253410126,137.07778292710245,0,0
-9.005240417695063,-1.7727340057607086,159.49598108806325,0,0
-4.24909471959833,64.02811111549042,56.29469083442182,0,0
9.44684621988895,4.3603964038701415,181.4704890984834,0,0
-9.896148938951656,29.022421685304923,153.13542666234636,0,0
-0.10830379206441698,499.76173248469377,77.20106525123349,2,1
6.60974647769023,4.291409445444543,157.10243521874543,0,0
4.61830908497789,22.094212608944574,170.3370185304262,0,0
8.331712727823565,-5.317047877598812,146.90861742605782,0,0
4.282339937172319,42.690163126451054,108.44004065269489,0,0
3.951291853434821,77.42432767487084,55.18184492236559,0,0
-6.851184968320032,0.30970561637510774,130.19121622240556,0,0
5.32519462450821,9.987197926477718,11.848389798378129,0,0
-4.019676060587067,74.74947354804615,72.89250013043213,0,0
3.4001098364941207,136.58088799567776,190.79834167765597,0,2
-2.252678482323729,252.88171627492568,78.24767039746806,1,2
1.3183049529872637,404.5326454406805,52.67393818264549,2,1
-5.464913128084968,6.039073790107333,48.127025895161864,0,0
8.571576305285,-2.3620745841235307,41.56669358643108,0,0
-7.853170551913595,12.676731413155128,156.33563016266552,0,0
6.790718734893094,16.962416346979346,76.17321924166937,0,0
-1.782607721885558,352.0660089149949,187.07297476556542,2,1
-9.91958729722472,6.640463780513529,27.345208387639648,0,0
-4.859465469905901,33.56296930586426,174.78102560055726,0,0
-6.466907159609281,-15.448406382028768,168.35211043098843,0,0
-5.096275083780828,25.052175793343118,86.83977307336494,0,0
2.6592554395331405,206.595812214348,71.84132042400694,1,2
8.23058100997299,-13.440135151857378,41.62562115123235,0,0
3.0565102264484683,159.6129919433679,106.99481154612481,1,2
9.778052256564308,-6.504169427091305,86.97171897306943,0,0
-3.53577071095547,103.98131080368867,179.5371354385383,0,0
9.186772196785604,9.666258459996465,108.73890244272341,0,0
-7.671700905182428,11.173724686852324,193.26176596050365,0,0
-6.868215853094528,-2.7137207720876146,188.24870960248774,0,0
-9.879300926374144,-5.067052432336849,62.78840260520664,0,0
-3.5467802550016465,94.11054136185004,113.33419673464736,0,0
-8.85390259976651,-3.6279492030555387,185.4130625127109,0,0
-9.073722533394225,4.306180057933338,21.636505634921466,0,0
-9.02700542658687,10.259134658360828,89.10160396688147,0,0
0.14111395912039093,488.99807465340837,152.65480309512208,2,1
2.12122986300046,283.7420135235685,187.99170238217133,1,2
1.2124517760143618,406.14325596913,198.8235193672438,2,1
4.470658145418927,64.34432230953924,166.9923219000061,0,0
0.7701553334079669,443.2360740113952,30.77625427597139,2,1
3.9379076499657266,62.93062390367155,70.48700766866577,0,0
-0.2411525734935953,499.3728862660704,9.654068026729185,2,1
8.625510656001499,21.329361285977004,106.40691611274755,0,0
7.428797450173345,1.6706158224881869,163.57115943929657,0,0
8.976514131303205,7.034805583099564,132.2971045544578,0,0
-3.0020250228635215,147.40626113653528,39.23548522587859,0,2
4.020888526841745,65.21627204152813,154.02456723053268,0,0
6.679983226691373,9.981205520303146,62.78363664370072,0,0
9.420144801372214,8.227509020390956,56.989946140585914,0,0
6.857886368536132,11.304868785792387,198.5742150938924,0,0
6.622314691545213,3.702726999554738,163.95630136059475,0,0
4.079921433479095,77.1095633306013,96.74234999295957,0,0
-2.698609163691625,183.21868691857338,154.86069296600883,1,2
-1.808784744985445,326.0554744106217,47.652102031348,1,2
1.230934564021533,392.59255433009275,99.386445126923,2,1
-7.568773775132964,21.388348264776287,116.87185054366607,0,0
-5.852545389063282,-17.63740861153557,82.21180673002623,0,0
7.21785523950237,2.619889491541732,41.86263293009573,0,0
7.049346677169968,-6.516850427429574,49.720416950570616,0,0
9.727396466242485,7.774205439696672,170.06349853123422,0,0
-2.6423336780673035,217.17815763317657,96.3867722700975,1,2
1.9427593494550308,308.9386303625536,159.61004918689753,1,2
-8.638241160282176,4.691625318508494,183.5082539167225,0,0
3.0172952793046477,168.2885574701104,105.24219628887876,1,2
-3.3035269963226943,123.58219064826493,89.41605422254251,0,2
1.049007351352362,432.055736289115,122.39908194715983,2,1
-8.323873956894552,-12.008322546208934,57.705634546870456,0,0
-6.564455781041367,12.212952368350486,43.50093329679692,0,0
9.192743148683206,8.150390351711579,67.09862741345118,0,0
-9.833949210453817,-11.531907835120974,93.05789610961007,0,0
2.1741169176590187,285.93091686089696,142.18415313196098,1,2
9.16257127035443,3.1006825749302984,10.743982950861792,0,0
6.563592629967619,6.331570693942543,10.105536631354845,0,0
-3.558459067820814,100.7757324205471,41.246782842043395,0,0
4.760055847835007,20.86435032503659,188.7674165772836,0,0
7.752120192349487,-4.585541360909396,27.79235859840346,0,0
-2.7522403997656735,184.72583730217224,82.33310801636335,1,2
4.186087365032627,53.56751265913709,111.57793520265987,0,0
4.69061315186673,56.403313229501904,105.04532723768416,0,0
8.019192027889233,-8.869907847998624,196.72623655962943,0,0
-9.145520343964566,-6.522033213020137,133.7106101752806,0,0
-6.764886882179528,9.627419491188675,124.0711395628673,0,0
6.580684734975005,1.874901133476686,53.299458853863385,0,0
-5.682331167701788,13.49090738455692,135.55889319513307,0,0
-6.524406862671408,-6.486157506828015,112.52038498889071,0,0
0.4003420137642788,495.2024469589795,138.38257021284,2,1
4.96928765577662,6.321969428938761,19.627448680627012,0,0
-6.072551561120314,9.252821594617387,148.01659878466734,0,0
-8.293670699516316,11.84774265849152,27.625609465578155,0,0
9.455487518981759,-7.191322928134127,194.33525452938358,0,0
4.073651681994022,59.99173593432263,182.81806715289179,0,0
-2.508992341477157,228.62354731963725,6.061708278946854,1,2
8.651642790864727,-7.446743240075439,105.01935230985262,0,0
-1.1103823347093371,425.6599221848226,55.237624311966655,2,1
5.352100606913954,20.181281560552137,17.964615561247243,0,0
-9.845986173705374,3.0579437181285942,8.799504775757805,0,0
6.053328508860755,20.2725902639635,78.24343728003012,0,0
-3.585992887557956,109.46096869453433,123.35742318624095,0,0
-9.738643171252102,5.369762644268309,173.78621128528653,0,0
-9.663665171907159,-11.87280251858494,190.26106801067243,0,0
8.702033493511315,-1.814678790175975,94.4268975595953,0,0
1.549929285236555,379.1152190074234,151.54533953761185,2,1
3.277239626310921,130.56747948643195,11.856782097888782,0,2
-1.7614921309190006,324.20444555846484,120.87092211040951,1,2
-4.39052870600817,40.6359748391202,104.65228708091183,0,0
7.702330813704325,-1.594994917261426,67.22523509319153,0,0
0.298409796212022,494.24899938497316,53.497958684290545,2,1
5.85579508865832,5.357442790512556,73.60041007667304,0,0
0.0527773952548376,513.0180211749389,31.448587671749703,2,1
9.689326031938883,-5.019558019992222,54.37660279460861,0,0
4.604210558355922,53.72461893779743,93.66285003145379,0,0
-2.3838690599772328,248.73475097399276,76.58069006579976,1,2
-2.284921326322362,268.36103207235857,164.06520144386766,1,2
0.6462702982959847,479.979910074417,113.77836833890575,2,1
6.978926998231071,0.0013963555731097976,42.76671011899506,0,0
5.668021219949161,27.687630006197423,63.99711712963141,0,0
4.402823338378674,52.366305161292644,147.66705211616372,0,0
8.287755256530026,0.6514959744642957,170.548290504671,0,0
4.095031392424769,63.35994335452317,65.8157969397514,0,0
-4.728703762344995,20.755447207398568,71.67114522384875,0,0
-2.8892487015759682,174.29434852279482,189.920546471066,1,2
-5.770489125934732,14.486573425114855,15.899981620493003,0,0
-5.533616319200041,9.439773974696495,106.02277988730344,0,0
2.8767472530824953,181.5257377888395,37.2490039132907,1,2
9.244675675521592,0.8657972758117007,39.296675738954015,0,0
2.2426397623608185,273.53232071094357,196.1143655162342,1,2
6.593449961482083,-21.914903930104018,8.150210622699605,0,0
-0.5198244206122578,478.8268198078247,28.47481102964661,2,1
-9.013582188162118,6.829324344531862,76.14344649084131,0,0
4.264651678807825,50.77747734496647,99.09593862428177,0,0
8.739591833796002,5.068633944448312,48.473293209605295,0,0
2.1735219713290004,287.31426012256924,11.52730746362114,1,2
5.939202593116967,16.657777913072323,101.55154745918611,0,0
-6.328822753243724,-19.829384220042705,176.79589164952222,0,0
7.086931162641314,10.03319015158129,7.456049319972104,0,0
-7.0299118518816295,-5.90838223223449,7.787639272117463,0,0
1.3371809023577157,392.38350722096976,64.48461799251102,2,1
-2.590723656770284,207.5268474916378,115.71383830547467,1,2
-0.11818745710612255,496.2764483510436,51.70975590854187,2,1
-4.864255463806564,44.27850376710393,137.6834306852821,0,0
-5.707453088076808,37.619842985115795,102.17375788526513,0,0
-1.9561840627862441,306.2467212512381,132.8783144853729,1,2
0.9164795392485292,467.22932660874835,113.92592129146094,2,1
8.12580543391951,-12.130855898371022,188.27993457237386,0,0
-0.41749392126970974,499.35395078682967,187.3817852818765,2,1
0.8381244396171041,470.68913373276644,163.0831538538587,2,1
-7.87057396533851,14.269504437296513,14.66786247008762,0,0
-8.804208513839075,1.1438124005697328,171.22849255046756,0,0
1.1100027078447177,433.18809793917904,115.31647040426057,2,1
-4.331150420539352,59.16189790057505,24.273698484120406,0,0
-4.839971226922238,31.1378204758415,43.24185787988937,0,0
2.299937244459789,262.62303949579444,135.7341204822014,1,2
4.031046911323099,63.20355412490959,140.30915763259893,0,0
-9.636480473250547,0.7039258946577975,173.70208597266654,0,0
-1.619098073139277,347.47002713311866,45.76040331252801,1,1
-3.9745156208532872,74.07019233795899,182.16641264823465,0,0
4.721088889791787,34.15197356584453,126.77128259286658,0,0
-9.598549787702193,22.38256608621597,99.54343259379446,0,0
-1.612029229588865,367.0774038201824,133.06773639217536,2,1
-0.0665866192742186,505.64158201342605,152.47491927473342,2,1
-5.573961154812752,-5.773224350114772,182.30130945008523,0,0
9.052556689897028,8.369120752890442,111.80167734151632,0,0
5.897912921096909,-7.959690507927608,154.46266498665972,0,0
-4.995249669781677,19.464654697276153,94.47603742245037,0,0
-3.7321443922491104,83.73040677010303,132.24723654756195,0,0
0.7055789071691869,453.3091786617567,113.24232961266931,2,1
-7.07421341784487,0.5091075704303307,12.971367297051074,0,0
0.8013354258347842,450.78146063528044,179.9988723407567,2,1
5.673250892889644,3.9317776200545005,49.26620714803737,0,0
1.6394639067380936,347.3380877154957,88.20568615313034,1,1
3.0989457643874996,161.55522404164347,157.79820310478718,1,2
-7.546219805253207,22.685611081032246,17.44493006128748,0,0
8.475121688718122,-9.40110128606114,161.72134015022013,0,0
-9.61505466925871,6.069146282921134,130.84650131960314,0,0
7.136935434202464,0.31206644161139185,11.837048930852761,0,0
-2.4350279852847407,226.98469067869934,191.07144355914923,1,2
9.04491611878532,2.1494289596903826,176.9111589056889,0,0
8.536034281597146,-15.458537299277788,97.06449591033768,0,0
4.540407163925149,46.75850828453305,74.81635381493423,0,0
-8.554980276384214,10.296769886665896,54.25780035938922,0,0
-2.3404738536463725,261.1839278247649,102.04233736433311,1,2
7.677290646484,-3.9072817560791657,122.45598821760689,0,0
-8.112472778909135,-0.7715702247490083,168.38264757654392,0,0
-6.540005899518373,8.462134163707269,17.486986325864976,0,0
0.12098079655049077,489.28541386532424,19.753694157956442,2,1
0.05283381873035786,496.7144981231511,62.54166783978491,2,1
-4.436812842357636,46.81987439800038,66.42242158200213,0,0
6.663097326400219,6.663553035408922,27.02720492423835,0,0
-3.7769230401581977,91.77741903223027,183.51133083687,0,0
8.121122518872038,-7.346189697851282,92.95060640281524,0,0
-6.87625872899093,-8.660099738772612,194.31315498983656,0,0
-1.3201900157847035,401.01688498451244,182.8061851675366,2,1
-7.421470328515274,0.04139795660026063,172.73763623254573,0,0
4.283029550260373,62.47604659729362,95.96964751293032,0,0
-2.2673568867756817,268.0364729810674,187.96656785971325,1,2
-5.145522868970003,20.097309848239483,80.7114087227376,0,0
-8.102091815094743,11.99589912905848,102.25864156008112,0,0
-1.7076248997790184,358.90946632165304,163.76859393944662,2,1
-6.294030304315497,-0.03918162937748848,23.008725551879124,0,0
6.430933001688121,-4.7776679266435265,28.735049627678773,0,0
6.034541210956977,1.5627598617403335,115.2305588595687,0,0
0.5619220683311532,459.01798264735606,124.52954593034494,2,1
6.552255523688697,6.909576513828922,27.966758690319192,0,0
8.662802733554518,9.028731370499003,168.8254630600771,0,0
-5.562027761497177,18.18217819685666,20.955106119874216,0,0
-3.687909638013922,103.00771282725341,118.87918345302207,0,0
8.382512419625876,8.010284271578914,14.441254724216217,0,0
7.876364240383872,-4.844560084659997,164.8151985741348,0,0
9.198619643410755,3.9586320215656747,103.01351896349969,0,0
4.4985259061219,45.06941535123322,84.9010061780733,0,0
8.308551206235247,-9.33589731578669,77.54337890116848,0,0
-7.475997263888219,7.063206582999002,80.69472515848489,0,0
-2.1916754531968463,268.51839922251685,28.799816978163417,1,2
-6.1771473175319835,17.25099470432484,159.86997191387235,0,0
4.8803764266200655,18.029565867241658,101.33111558441097,0,0
1.1603991991564335,427.96089944263616,60.829345177241734,2,1
-0.051571140694608886,518.0223227429523,35.09128424042519,2,1
-8.982840876483628,11.044921969952375,129.89900473499574,0,0
-4.567859722955541,15.701707255142129,93.28584421828587,0,0
7.6607213189686725,-9.580357204965457,50.11124949203094,0,0
3.6134476352569305,115.10100257726901,93.7039283647953,0,0
-6.091881466979839,10.712790670069827,23.487015714809587,0,0
-3.8006439627099153,71.73965845229581,91.36804956046623,0,0
2.7723968298579003,183.28309420765774,36.441899066756875,1,2
5.390125920290739,11.439374106125776,123.45677668758951,0,0
-8.846065218702874,4.373412927890009,48.69046177409057,0,0
-4.6008696553611355,24.23633046266214,93.53799457279622,0,0
8.975659717004788,-0.5854080195709349,140.86782361244826,0,0
-8.307014550663459,-13.91209437996758,80.3871179472838,0,0
3.908750699255144,69.69147442493517,144.41443163842501,0,0
2.364417768640969,256.3978829803864,138.32836343886908,1,2
3.9282019399260015,77.90725060886423,9.43682803891555,0,0
-3.1448666735392328,142.91690186313383,122.01992771268011,0,2
1.9476363439110465,311.8327076860526,25.243252481946488,1,2
7.450218717768742,-18.06230570160905,180.21903232933255,0,0
8.391811726827783,2.446789955893346,19.779538637591656,0,0
0.9747789493856445,450.18487119498093,163.28414240079204,2,1
3.136796501250066,139.04845955392133,7.305780306283161,0,2
3.8974125990382014,70.49300857118307,17.439341255762834,0,0
0.5883462781946953,477.5102404880391,148.8686171383172,2,1
-3.1845464324489825,142.684729988318,17.422529788451733,0,2
7.3178382582844,-7.599238668746843,111.92612454658054,0,0
9.576821814969016,3.442923905046409,46.472385851371335,0,0
-7.776748397096256,-0.3938218964142473,108.20112037843451,0,0
8.445258704524225,9.668534125375349,143.8308600918827,0,0
7.87581459832613,-10.597901167225768,122.84506390828618,0,0
6.252977918981305,8.603493463606902,48.807425270219966,0,0
7.908665470851496,-3.6376872864573118,94.08602436469135,0,0
-7.278725780504011,-24.385193740210465,158.1288727409978,0,0
-6.935147832298625,-1.8087598946315762,22.170922631899085,0,0
-2.877370308971172,187.4960229218841,85.69182392341027,1,2
8.5476076100758,5.519138476557212,145.8379668376007,0,0
-6.662172918749185,-3.54021300479278,27.713026382043918,0,0
3.6197960104059916,102.34996727371569,131.9827621456391,0,0
8.358378444535848,-17.22375486369788,24.494945936824138,0,0
-6.639510292461665,1.0256253885561235,142.23631035581167,0,0
4.477634677187755,32.2711902557101,99.55096679119302,0,0
6.2089195204409755,-3.856516036460354,21.46442059424302,0,0
3.2794317782273374,119.49071188482128,28.71337354022101,0,0
-1.3023875272805725,404.14062310234164,126.84564279609664,2,1
-9.466316106367984,11.629141872776033,171.09573392701301,0,0
-9.165558951537662,1.136984707946953,86.736729598713,0,0
-8.043690904833651,6.00348008317219,182.10701856747627,0,0
-3.52800184280256,105.36798714773722,160.74987268025143,0,0
0.7791273246087655,464.8533254062381,75.84443347472508,2,1
9.565735764014349,-8.265345810847519,12.006206163953053,0,0
-0.6376989930754178,465.1666224024411,64.06029800409777,2,1
-5.521127588205044,1.9894522592816895,21.342646315579632,0,0
4.845463457303358,20.70441301415591,88.1125213423678,0,0
-1.4741255629042271,400.8946301608054,12.637473373700697,2,1
-9.506408402244857,12.701250978178079,87.83467263632996,0,0
7.800041501267923,3.836779118789091,157.88384682265237,0,0
-3.428995648982818,111.79319172326366,82.40884870697133,0,0
-0.33789709625350284,479.88259273375655,11.223144789418747,2,1
1.848897491624795,342.6568618891371,9.400321614659283,1,1
0.16314419060196705,490.626422754396,28.992290001439464,2,1
-2.4012460237056814,242.9470901279444,173.49618326548932,1,2
-8.581968929862798,15.534013664850042,108.88405329087041,0,0
3.1480889025594436,141.17640785539686,32.53342142039824,0,2
1.4554414335105665,380.1814732291998,43.70120183231119,2,1
0.7778842058099862,467.1624770390296,37.84632031857083,2,1
-3.874576744613285,70.15866252866392,5.976050316093889,0,0
2.174626638565753,268.7457902576163,67.49560609524744,1,2
-6.5374430897275015,0.6982429650472093,43.879072332203165,0,0
-7.3328376865618905,-0.40658312039578093,196.55703556354186,0,0
1.3639411740404466,398.2026489012004,44.53653704046726,2,1
-3.7529705433185168,95.49599056917225,158.27926434015401,0,0
1.4433528123380075,381.0576672532164,139.5660011666484,2,1
-6.23712070071149,1.784231337237586,163.7735136321975,0,0
-5.250012075599583,11.468893784869532,155.68021418978933,0,0
-1.3584308402820007,387.6335360244343,82.06677922460904,2,1
1.646984594311947,339.4785121340854,54.18958829575362,1,1
-7.8053025943728915,-6.189428256431931,71.33760255113779,0,0
5.536824138364171,-1.592690996419826,65.87277654414049,0,0
-1.0048048889054613,441.2171579544984,127.46761625174734,2,1
-3.232851732678947,137.13940702218824,15.409105989471563,0,2
-9.862096368143547,8.963224521565413,121.32318747339993,0,0
6.941094029973055,10.479836849208002,60.76420886875269,0,0
7.793530168570587,15.3896823351128,150.20913256946088,0,0
2.8486072995212357,186.70046580357112,103.2743119013843,1,2
-4.457601315674713,50.61725440523344,183.54303640044327,0,0
-7.72386047148609,-12.582199931158165,24.279245755655346,0,0
-8.896594170774033,-3.1485762496790146,176.99873205682175,0,0
7.2725364560994805,-9.724330341912955,9.31881686232978,0,0
-8.051650088820493,-8.806996838003613,83.4317200083653,0,0
1.96369195927425,306.78865564918806,15.951411244458768,1,2
5.117594224192823,14.185000124094973,184.60810146795876,0,0
1.1454543398193966,426.4276025285225,78.69169778084971,2,1
8.0802242004949,6.2151328976582745,44.42363273176749,0,0
2.15521040337066,309.79541427184444,55.57655114377343,1,2
5.82172516063579,29.68925491185901,37.07448764918303,0,0
3.665929318491525,91.52942577139386,144.8923363203363,0,0
7.853973081212015,2.1672597113548706,32.983944392365466,0,0
5.19085731417929,11.046639723395243,54.47642378252501,0,0
4.410999630997807,62.48011473909149,156.35058559321638,0,0
-1.7580324113297614,334.7726452111322,146.89430938948993,1,1
-2.387411882280941,247.68966448224887,128.0332493794378,1,2
1.501743008252916,375.17494484836396,85.72002323021616,2,1
-7.594247761753341,15.23629224554953,14.45031903456419,0,0
1.434448327884592,390.2506472360813,175.85919503170746,2,1
1.2464543976317728,437.2472637003719,144.7764301191277,2,1
3.6062640640933594,105.89992372177431,195.08187752473398,0,0
-7.191181820557954,6.891207270430893,27.814832040414846,0,0
-2.1535617632011306,288.8788370359852,159.8067486649652,1,2
5.891724298823799,-0.2878015156605116,108.68951905770064,0,0
-1.1676372271150122,423.0912952742209,93.88525413610411,2,1
-0.1380236235439387,508.490387371454,50.365552133154516,2,1
3.856815821292942,80.44593087449138,12.37127113132765,0,0
-4.723861786981123,24.22123186258073,54.89252178779208,0,0
-8.226892421898942,-10.110750064925817,178.97016469171209,0,0
7.8526853676690855,2.0670939139996434,94.66675294516385,0,0
-2.999127481099489,164.00127380872019,115.5655143527115,1,2
7.237730928478797,17.208486877911067,176.23468826547332,0,0
-0.9117069585342268,445.84916373828304,166.50000217095507,2,1
-2.3481604876073803,249.14111545400544,180.4113545939236,1,2
9.21275880530731,-1.9886263914841713,96.59787022736933,0,0
-5.706378908551599,1.7698661935079585,51.81842391799915,0,0
2.4523898515681104,220.33922912240612,176.9912005392178,1,2
4.379448144947482,69.2802491757162,179.65168061209448,0,0
8.622910601268796,-5.463572923660514,16.39162800652926,0,0
-3.253667681266146,125.94976127280903,36.136146664895676,0,2
-6.3930550695427835,-7.045906326647243,70.84749902557554,0,0
7.758311970131686,10.438970365772237,171.73290437815194,0,0
6.761164428610623,31.774664993039952,45.767233140822135,0,0
9.286782772769403,-0.6807876428210258,99.96282486639505,0,0
8.509002863199736,2.0926607885521933,156.75674159983012,0,0
6.569759205558508,10.211884062552,149.7311684051596,0,0
2.387936153330731,217.7425194128947,113.38694320174693,1,2
0.5337142883095343,473.13375676347414,116.68379783945248,2,1
0.40718864157016377,501.06462074225396,98.5430459989526,2,1
3.8982193410283834,80.27268301925729,82.95492193908886,0,0
-8.395194912298026,0.5160767836711857,170.77158513293094,0,0
9.471144123661666,-13.93757260363195,180.6277747146326,0,0
-0.6794073327851446,474.2522508022653,138.93081479785445,2,1
-0.965378592898535,430.8625179789398,172.8957760897313,2,1
6.050308197414239,0.5071544221359394,166.46435811030761,0,0
7.21005290916683,2.0983098614853017,83.64395857098908,0,0
-5.671894139939266,22.232674815011936,109.29000605606022,0,0
6.8500701630011065,-1.3594946151410239,84.91973495705875,0,0
1.794035548955101,322.0980262391183,158.02176474154024,1,2
-7.050520337055193,-0.4112251022530571,91.16774005205427,0,0
5.8990834581694855,-0.7133771689086785,18.496904225663762,0,0
5.414240423103802,11.121424200868368,137.64391384933506,0,0
-1.9631297019583442,298.00016907499287,79.66684731127035,1,2
1.4576888067695126,394.04332352891265,188.21213059907305,2,1
2.2919742272144035,256.8138202447806,162.23098128896504,1,2
-3.6396000682054215,102.60249227655467,54.70132825854095,0,0
-9.189983553691519,-1.7543389684180306,144.624307004486,0,0
2.6220007095911075,226.03943955441216,135.04349428377049,1,2
-2.9851236648389623,172.93511773113238,71.6174397942133,1,2
-0.6712097086798323,473.7696415229963,57.61710921072269,2,1
3.5495926354544913,110.91044176790518,174.13063453922888,0,0
-5.506862784029023,6.132705123359518,84.0307662638042,0,0
-1.884097473536828,326.7229830844496,175.79562708185244,1,2
9.921895446731789,0.37663050441956303,99.24497080759544,0,0
6.529139942129799,-1.969736995849281,122.76177714072178,0,0
-8.720104782898797,-24.88735744900323,44.59044380593217,0,0
9.618603384176943,-8.028723047818216,93.23930434379291,0,0
-0.8176192568345648,443.02048539299744,155.32574081637702,2,1
4.74762692933812,12.72042309405294,97.07844457676524,0,0
-7.204680105509862,-13.538794936115284,19.336412831795492,0,0
6.725811707937652,7.421506650984594,50.94673688701627,0,0
4.263040835511347,44.66476950255462,141.56603801833586,0,0
-7.258312752614577,1.894931173794982,54.75096047165744,0,0
2.8118330600980794,183.14312803428288,29.123795339277443,1,2
7.2689493607924085,0.8755280458842748,99.96258175964711,0,0
-3.770145863739538,80.34564622327844,45.19336528559364,0,0
9.647635932792777,-6.439718664882696,38.603870931657326,0,0
2.375826717208234,242.8762623106155,173.35068327923233,1,2
1.3525877651395941,389.4316435421739,56.568456986973125,2,1
-2.478309319621818,245.74327757666234,16.120459214391687,1,2
-3.8298932607110796,67.57333573663182,101.00536779486347,0,0
-1.8129262668437072,324.2761489957323,33.98106449709914,1,2
-5.243213435011798,35.19684525457609,137.30757890333712,0,0
8.795264053269687,-11.23509123608699,16.392970388689655,0,0
7.973367004853511,15.407665998722488,54.42093551529583,0,0
-3.260777405414328,135.5315630452611,136.60193969364906,0,2
3.78766805410619,83.11364404572383,106.44844612275837,0,0
9.930660016857054,-32.70656323596026,45.703972650713865,0,0
-5.947208150238172,2.9690942430022815,73.62039085871625,0,0
